id,first_name,last_name,email,gender,ip_address
1,Richard,Hall,rhall0@mediafire.com,Male,47.226.71.252
2,Rebecca,Morris,rmorris1@nature.com,Female,71.210.124.166
3,Alan,Edwards,aedwards2@shinystat.com,Male,129.41.215.193
4,Maria,Garza,mgarza3@opensource.org,Female,176.30.39.47
5,Anthony,Freeman,afreeman4@phoca.cz,Male,95.8.152.164
6,Annie,Woods,awoods5@examiner.com,Female,3.124.4.134
7,Bruce,Rose,brose6@addthis.com,Male,26.165.71.140
8,Brian,Mills,bmills7@tuttocitta.it,Male,77.2.15.242
9,Steve,Morgan,smorgan8@state.gov,Male,150.51.42.211
10,Mary,Wells,mwells9@loc.gov,Female,246.164.83.180
